[{"model": "auth.permission", "pk": 1, "fields": {"name": "Can add log entry", "content_type": 1, "codename": "add_logentry"}}, {"model": "auth.permission", "pk": 2, "fields": {"name": "Can change log entry", "content_type": 1, "codename": "change_logentry"}}, {"model": "auth.permission", "pk": 3, "fields": {"name": "Can delete log entry", "content_type": 1, "codename": "delete_logentry"}}, {"model": "auth.permission", "pk": 4, "fields": {"name": "Can view log entry", "content_type": 1, "codename": "view_logentry"}}, {"model": "auth.permission", "pk": 5, "fields": {"name": "Can add permission", "content_type": 2, "codename": "add_permission"}}, {"model": "auth.permission", "pk": 6, "fields": {"name": "Can change permission", "content_type": 2, "codename": "change_permission"}}, {"model": "auth.permission", "pk": 7, "fields": {"name": "Can delete permission", "content_type": 2, "codename": "delete_permission"}}, {"model": "auth.permission", "pk": 8, "fields": {"name": "Can view permission", "content_type": 2, "codename": "view_permission"}}, {"model": "auth.permission", "pk": 9, "fields": {"name": "Can add group", "content_type": 3, "codename": "add_group"}}, {"model": "auth.permission", "pk": 10, "fields": {"name": "Can change group", "content_type": 3, "codename": "change_group"}}, {"model": "auth.permission", "pk": 11, "fields": {"name": "Can delete group", "content_type": 3, "codename": "delete_group"}}, {"model": "auth.permission", "pk": 12, "fields": {"name": "Can view group", "content_type": 3, "codename": "view_group"}}, {"model": "auth.permission", "pk": 13, "fields": {"name": "Can add user", "content_type": 4, "codename": "add_user"}}, {"model": "auth.permission", "pk": 14, "fields": {"name": "Can change user", "content_type": 4, "codename": "change_user"}}, {"model": "auth.permission", "pk": 15, "fields": {"name": "Can delete user", "content_type": 4, "codename": "delete_user"}}, {"model": "auth.permission", "pk": 16, "fields": {"name": "Can view user", "content_type": 4, "codename": "view_user"}}, {"model": "auth.permission", "pk": 17, "fields": {"name": "Can add content type", "content_type": 5, "codename": "add_contenttype"}}, {"model": "auth.permission", "pk": 18, "fields": {"name": "Can change content type", "content_type": 5, "codename": "change_contenttype"}}, {"model": "auth.permission", "pk": 19, "fields": {"name": "Can delete content type", "content_type": 5, "codename": "delete_contenttype"}}, {"model": "auth.permission", "pk": 20, "fields": {"name": "Can view content type", "content_type": 5, "codename": "view_contenttype"}}, {"model": "auth.permission", "pk": 21, "fields": {"name": "Can add session", "content_type": 6, "codename": "add_session"}}, {"model": "auth.permission", "pk": 22, "fields": {"name": "Can change session", "content_type": 6, "codename": "change_session"}}, {"model": "auth.permission", "pk": 23, "fields": {"name": "Can delete session", "content_type": 6, "codename": "delete_session"}}, {"model": "auth.permission", "pk": 24, "fields": {"name": "Can view session", "content_type": 6, "codename": "view_session"}}, {"model": "auth.permission", "pk": 25, "fields": {"name": "Can add budget", "content_type": 7, "codename": "add_budget"}}, {"model": "auth.permission", "pk": 26, "fields": {"name": "Can change budget", "content_type": 7, "codename": "change_budget"}}, {"model": "auth.permission", "pk": 27, "fields": {"name": "Can delete budget", "content_type": 7, "codename": "delete_budget"}}, {"model": "auth.permission", "pk": 28, "fields": {"name": "Can view budget", "content_type": 7, "codename": "view_budget"}}, {"model": "auth.permission", "pk": 29, "fields": {"name": "Can add category", "content_type": 8, "codename": "add_category"}}, {"model": "auth.permission", "pk": 30, "fields": {"name": "Can change category", "content_type": 8, "codename": "change_category"}}, {"model": "auth.permission", "pk": 31, "fields": {"name": "Can delete category", "content_type": 8, "codename": "delete_category"}}, {"model": "auth.permission", "pk": 32, "fields": {"name": "Can view category", "content_type": 8, "codename": "view_category"}}, {"model": "auth.permission", "pk": 33, "fields": {"name": "Can add entry", "content_type": 9, "codename": "add_entry"}}, {"model": "auth.permission", "pk": 34, "fields": {"name": "Can change entry", "content_type": 9, "codename": "change_entry"}}, {"model": "auth.permission", "pk": 35, "fields": {"name": "Can delete entry", "content_type": 9, "codename": "delete_entry"}}, {"model": "auth.permission", "pk": 36, "fields": {"name": "Can view entry", "content_type": 9, "codename": "view_entry"}}, {"model": "auth.user", "pk": 1, "fields": {"password": "pbkdf2_sha256$216000$FD3ZUoskZL8G$ZtYFyzz1LohN7C/9XwEyvVmfYRI3EuFuMSyuUGAnxjU=", "last_login": "2021-04-28T15:22:49.124Z", "is_superuser": true, "username": "alice", "first_name": "", "last_name": "", "email": "alice@zoo-centralpark.com", "is_staff": true, "is_active": true, "date_joined": "2021-04-28T08:25:30.180Z", "groups": [], "user_permissions": []}}, {"model": "auth.user", "pk": 2, "fields": {"password": "pbkdf2_sha256$216000$kN9OHhMcT4dr$1KUYVFOLNDZuZtNqZK5YNKZp5FBP5mUpwek/06QIoOw=", "last_login": "2021-04-28T10:01:25.811Z", "is_superuser": false, "username": "skipper", "first_name": "", "last_name": "", "email": "skipper@penguins.com", "is_staff": false, "is_active": true, "date_joined": "2021-04-28T08:27:05.909Z", "groups": [], "user_permissions": []}}, {"model": "auth.user", "pk": 3, "fields": {"password": "pbkdf2_sha256$216000$xmnj8osqz8h7$8EZlbODf8wlzWFu2evv7PEqVKsTwKOk1vrL0NFyMwZ0=", "last_login": null, "is_superuser": false, "username": "kowalski", "first_name": "", "last_name": "", "email": "kowalski@penguins.com", "is_staff": false, "is_active": true, "date_joined": "2021-04-28T08:27:21.030Z", "groups": [], "user_permissions": []}}, {"model": "auth.user", "pk": 4, "fields": {"password": "pbkdf2_sha256$216000$WBeP3Mtz8e2Y$6/ZGBVwDhHdj4fuLLIbBaSYNynjHIr9oEkG9X223f0A=", "last_login": "2021-04-28T15:22:25.836Z", "is_superuser": false, "username": "rico", "first_name": "", "last_name": "", "email": "rico@penguins.com", "is_staff": false, "is_active": true, "date_joined": "2021-04-28T08:27:27.606Z", "groups": [], "user_permissions": []}}, {"model": "auth.user", "pk": 5, "fields": {"password": "pbkdf2_sha256$216000$bqdGNp7tbYBm$61NYRSK22zAElJXvje3edfnZdoFp2MQeiYpqj5dRjbc=", "last_login": null, "is_superuser": false, "username": "private", "first_name": "", "last_name": "", "email": "private", "is_staff": false, "is_active": true, "date_joined": "2021-04-28T09:27:59.963Z", "groups": [], "user_permissions": []}}, {"model": "auth.user", "pk": 6, "fields": {"password": "pbkdf2_sha256$216000$yo6i0clp3nk9$rO9V9VkbyJ9ljrsFY0sXlDVFp16J3bMudJvmTAE6mLU=", "last_login": null, "is_superuser": false, "username": "marlene", "first_name": "", "last_name": "", "email": "marlene", "is_staff": false, "is_active": true, "date_joined": "2021-04-28T09:28:50.698Z", "groups": [], "user_permissions": []}}, {"model": "auth.user", "pk": 7, "fields": {"password": "pbkdf2_sha256$216000$ziLcTJv1RLrQ$mrgQ7yw6q30irOjlBTZyrA2RurSyyloVHJPj91jRWJc=", "last_login": null, "is_superuser": false, "username": "julian", "first_name": "", "last_name": "", "email": "julian", "is_staff": false, "is_active": true, "date_joined": "2021-04-28T09:29:16.458Z", "groups": [], "user_permissions": []}}, {"model": "auth.user", "pk": 8, "fields": {"password": "pbkdf2_sha256$216000$0dWwlZCh49z7$pfJ/64gsPxZUi+l2uYmgL7rHm/y4kDMPCksxJwezBxg=", "last_login": null, "is_superuser": false, "username": "maurice", "first_name": "", "last_name": "", "email": "maurice", "is_staff": false, "is_active": true, "date_joined": "2021-04-28T09:29:24.544Z", "groups": [], "user_permissions": []}}, {"model": "auth.user", "pk": 9, "fields": {"password": "pbkdf2_sha256$216000$q5zwhktIYsue$afoUE+pTLQ3g31PxeGXA/T43c+kB8F4FI89UQ2odrRM=", "last_login": null, "is_superuser": false, "username": "mort", "first_name": "", "last_name": "", "email": "mort", "is_staff": false, "is_active": true, "date_joined": "2021-04-28T09:29:34.506Z", "groups": [], "user_permissions": []}}, {"model": "contenttypes.contenttype", "pk": 1, "fields": {"app_label": "admin", "model": "logentry"}}, {"model": "contenttypes.contenttype", "pk": 2, "fields": {"app_label": "auth", "model": "permission"}}, {"model": "contenttypes.contenttype", "pk": 3, "fields": {"app_label": "auth", "model": "group"}}, {"model": "contenttypes.contenttype", "pk": 4, "fields": {"app_label": "auth", "model": "user"}}, {"model": "contenttypes.contenttype", "pk": 5, "fields": {"app_label": "contenttypes", "model": "contenttype"}}, {"model": "contenttypes.contenttype", "pk": 6, "fields": {"app_label": "sessions", "model": "session"}}, {"model": "contenttypes.contenttype", "pk": 7, "fields": {"app_label": "budgets", "model": "budget"}}, {"model": "contenttypes.contenttype", "pk": 8, "fields": {"app_label": "categories", "model": "category"}}, {"model": "contenttypes.contenttype", "pk": 9, "fields": {"app_label": "entries", "model": "entry"}}, {"model": "sessions.session", "pk": "7yz6ez14mnplf18holca78l4bih6dcip", "fields": {"session_data": ".eJxVjMEOwiAQRP-FsyEttsB69O43kGWXlaqBpLQn47_bJj3oHOe9mbcKuC45rC3NYWJ1UUadfruI9ExlB_zAcq-aalnmKepd0Qdt-lY5va6H-3eQseVtDYaIgHsvZwA2SRghbsHYWwQvFlx0Y2fGiOCkEx4cwMDWJ8fJCKnPFxQnOR0:1lbh0X:eNFi3JLOh3TZwd3AiahxB4dKl6jNrfK0k4Vv2KxjDw8", "expire_date": "2021-05-12T10:01:25.814Z"}}, {"model": "sessions.session", "pk": "raev0k3il1dqxh9ag3ailuxov3z5fevb", "fields": {"session_data": ".eJxVjDsOwyAQBe9CHSE-xkDK9D4DWmA3OIlAMnYV5e4RkoukfTPz3izAsZdwdNzCmtmVSXb53SKkJ9YB8gPqvfHU6r6tkQ-Fn7TzpWV83U7376BAL6PWLnskKy1p8h6V8FZTBJHRGokqWwGTRCOUluTBTCbSHGdnE0RPLrHPF-2JOEg:1lbm1Z:hLQj1rUWfAL9ntxZg67syUkP353qqlCzJ_TLNvIKxYM", "expire_date": "2021-05-12T15:22:49.127Z"}}, {"model": "budgets.budget", "pk": 1, "fields": {"name": "penguins", "owner": 2, "privileges": {"3": "E", "4": "E", "5": "E", "6": "R"}}}, {"model": "budgets.budget", "pk": 2, "fields": {"name": "Kings budget", "owner": 7, "privileges": {"8": "E", "9": "R"}}}, {"model": "categories.category", "pk": 1, "fields": {"budget": 1, "name": "kaboom"}}, {"model": "categories.category", "pk": 2, "fields": {"budget": 1, "name": "Sweets"}}, {"model": "categories.category", "pk": 3, "fields": {"budget": 1, "name": "Toys"}}, {"model": "categories.category", "pk": 4, "fields": {"budget": 2, "name": "fruits"}}, {"model": "categories.category", "pk": 5, "fields": {"budget": 2, "name": "inignia"}}, {"model": "categories.category", "pk": 6, "fields": {"budget": 2, "name": "Fun stuff"}}, {"model": "entries.entry", "pk": 1, "fields": {"name": "ninja-bowls", "amount": 120.0, "budget": 1, "category": null}}, {"model": "entries.entry", "pk": 2, "fields": {"name": "hammer", "amount": -40.0, "budget": 1, "category": null}}, {"model": "entries.entry", "pk": 3, "fields": {"name": "jet-packs", "amount": -1200.0, "budget": 1, "category": null}}, {"model": "entries.entry", "pk": 4, "fields": {"name": "income", "amount": 3000.0, "budget": 1, "category": null}}, {"model": "entries.entry", "pk": 5, "fields": {"name": "mouse cage", "amount": -63.0, "budget": 1, "category": null}}, {"model": "entries.entry", "pk": 6, "fields": {"name": "fishing net", "amount": -99.0, "budget": 1, "category": null}}, {"model": "entries.entry", "pk": 7, "fields": {"name": "banner", "amount": -400.0, "budget": 1, "category": null}}, {"model": "entries.entry", "pk": 8, "fields": {"name": "TV", "amount": -150.0, "budget": 1, "category": null}}, {"model": "entries.entry", "pk": 9, "fields": {"name": "RC planes", "amount": -800.0, "budget": 1, "category": null}}, {"model": "entries.entry", "pk": 10, "fields": {"name": "measuring tape", "amount": -5.0, "budget": 1, "category": null}}, {"model": "entries.entry", "pk": 11, "fields": {"name": "Chocolate", "amount": -4.0, "budget": 1, "category": 2}}, {"model": "entries.entry", "pk": 12, "fields": {"name": "Lolypops", "amount": -2.0, "budget": 1, "category": 2}}, {"model": "entries.entry", "pk": 13, "fields": {"name": "C4", "amount": -100.0, "budget": 1, "category": 1}}, {"model": "entries.entry", "pk": 14, "fields": {"name": "Dynamite", "amount": -30.0, "budget": 1, "category": 1}}, {"model": "entries.entry", "pk": 15, "fields": {"name": "Bazooka", "amount": -250.0, "budget": 1, "category": 1}}, {"model": "entries.entry", "pk": 16, "fields": {"name": "Bombs", "amount": -140.0, "budget": 1, "category": 1}}, {"model": "entries.entry", "pk": 17, "fields": {"name": "Rockets", "amount": -230.0, "budget": 1, "category": 1}}, {"model": "entries.entry", "pk": 18, "fields": {"name": "Smoke granades", "amount": -60.0, "budget": 1, "category": 1}}, {"model": "entries.entry", "pk": 19, "fields": {"name": "Barbie", "amount": -34.0, "budget": 1, "category": 3}}, {"model": "entries.entry", "pk": 20, "fields": {"name": "Unicorn", "amount": -25.0, "budget": 1, "category": 3}}, {"model": "entries.entry", "pk": 21, "fields": {"name": "Ken", "amount": -36.0, "budget": 1, "category": 3}}, {"model": "entries.entry", "pk": 22, "fields": {"name": "Teddy bear", "amount": -6.0, "budget": 1, "category": 3}}, {"model": "entries.entry", "pk": 23, "fields": {"name": "Boombox", "amount": -160.0, "budget": 1, "category": null}}, {"model": "entries.entry", "pk": 24, "fields": {"name": "Car", "amount": -2600.0, "budget": 1, "category": null}}, {"model": "entries.entry", "pk": 25, "fields": {"name": "Calendar", "amount": -2.0, "budget": 1, "category": null}}, {"model": "entries.entry", "pk": 26, "fields": {"name": "Periscope", "amount": -500.0, "budget": 1, "category": null}}, {"model": "entries.entry", "pk": 27, "fields": {"name": "kite", "amount": -20.0, "budget": 1, "category": null}}, {"model": "entries.entry", "pk": 28, "fields": {"name": "harpoon", "amount": -40.0, "budget": 1, "category": null}}, {"model": "entries.entry", "pk": 29, "fields": {"name": "crown", "amount": -10.0, "budget": 2, "category": 5}}, {"model": "entries.entry", "pk": 30, "fields": {"name": "backup crown", "amount": -12.0, "budget": 2, "category": 5}}, {"model": "entries.entry", "pk": 31, "fields": {"name": "throne", "amount": -150.0, "budget": 2, "category": 5}}, {"model": "entries.entry", "pk": 32, "fields": {"name": "Mangos", "amount": -100.0, "budget": 2, "category": null}}, {"model": "entries.entry", "pk": 33, "fields": {"name": "LEM-R", "amount": -1300.0, "budget": 2, "category": 6}}, {"model": "entries.entry", "pk": 34, "fields": {"name": "Juliano mobil", "amount": -1510.0, "budget": 2, "category": 6}}, {"model": "entries.entry", "pk": 35, "fields": {"name": "Taxes from other lemurs", "amount": 10000.0, "budget": 2, "category": null}}]